Category,Amount
Total Income,1386953.3600000003
Total Expenses,1386953.3600000003
Net Profit,0.0
